entity,AUC_PR,AUC_ROC,F1,PA_F1,Event_F1,R_F1,Aff_F,VUS_ROC,VUS_PR
PSM,0.5363609223641941,0.7611868069343098,0.5766556579674764,0.9012457198075752,0.5967176012444712,0.5116223252735104,0.7737517606988403,0.7012675710547248,0.4696294101825331
